{
  "train_loss": [
    0.6670936346054077,
    0.48735877871513367,
    0.36322906613349915,
    0.3024475872516632,
    0.27405694127082825,
    0.2494019716978073,
    0.23624326288700104,
    0.23490753769874573,
    0.21736390888690948,
    0.2114769071340561,
    0.20177599787712097,
    0.19949892163276672,
    0.19541315734386444,
    0.19173094630241394,
    0.18737971782684326,
    0.18830275535583496,
    0.18026210367679596,
    0.17998754978179932,
    0.1789085865020752,
    0.17763397097587585,
    0.17219117283821106,
    0.173532634973526,
    0.17234790325164795,
    0.16683439910411835,
    0.1689346432685852,
    0.1714126020669937,
    0.17030443251132965,
    0.1603849083185196,
    0.1583864539861679,
    0.1604982316493988,
    0.15908518433570862,
    0.16028845310211182,
    0.16125567257404327,
    0.1575135439634323,
    0.15688171982765198,
    0.15422813594341278,
    0.1545097380876541,
    0.15322475135326385,
    0.1532100886106491,
    0.1536264568567276,
    0.1506197601556778,
    0.14711332321166992,
    0.1537305861711502,
    0.15023544430732727,
    0.1471024751663208,
    0.1465131789445877,
    0.15170422196388245,
    0.14729736745357513,
    0.14772774279117584,
    0.14687791466712952,
    0.15097154676914215,
    0.1502811312675476,
    0.1427837610244751,
    0.14626820385456085,
    0.14606964588165283,
    0.14366042613983154,
    0.1400640904903412,
    0.14315789937973022,
    0.1461910903453827,
    0.14424856007099152,
    0.14318495988845825,
    0.13836035132408142,
    0.14292973279953003,
    0.14379072189331055,
    0.1386173963546753,
    0.14217767119407654,
    0.14331242442131042,
    0.13882820308208466,
    0.14389441907405853,
    0.14412333071231842,
    0.14151547849178314,
    0.13953952491283417,
    0.1379123330116272,
    0.1393488049507141,
    0.13498635590076447,
    0.13674764335155487,
    0.14034266769886017,
    0.13536949455738068,
    0.14036878943443298,
    0.13530448079109192
  ],
  "val_loss": [
    0.5737616419792175,
    0.371503621339798,
    0.2596215009689331,
    0.2221042662858963,
    0.19870132207870483,
    0.18070311844348907,
    0.16571953892707825,
    0.15563783049583435,
    0.15045388042926788,
    0.14315393567085266,
    0.13715142011642456,
    0.13289649784564972,
    0.13153281807899475,
    0.12501783668994904,
    0.11971744149923325,
    0.11979106813669205,
    0.11635440587997437,
    0.11290153115987778,
    0.11058478057384491,
    0.11045558750629425,
    0.1093842089176178,
    0.10695111006498337,
    0.10356507450342178,
    0.10263372957706451,
    0.10005880892276764,
    0.09669579565525055,
    0.09640996903181076,
    0.0955284908413887,
    0.09574771672487259,
    0.09604299813508987,
    0.0927504375576973,
    0.08971361070871353,
    0.08882986754179001,
    0.08919584006071091,
    0.08740126341581345,
    0.08788999170064926,
    0.0871402770280838,
    0.0862070769071579,
    0.08529286086559296,
    0.08292371034622192,
    0.08511099964380264,
    0.08287268877029419,
    0.08140280842781067,
    0.07934439927339554,
    0.08052152395248413,
    0.07882759720087051,
    0.0781429335474968,
    0.07992856949567795,
    0.07523752748966217,
    0.07542961090803146,
    0.07732513546943665,
    0.0755581483244896,
    0.07713126391172409,
    0.07468672841787338,
    0.07528702169656754,
    0.07277730852365494,
    0.07436379045248032,
    0.07445605844259262,
    0.07388835400342941,
    0.07179470360279083,
    0.07168310880661011,
    0.07135530561208725,
    0.07380916178226471,
    0.07246517390012741,
    0.0720013678073883,
    0.07130707800388336,
    0.0727616474032402,
    0.07157441973686218,
    0.0714261457324028,
    0.07074285298585892,
    0.06854933500289917,
    0.0694829523563385,
    0.07172515243291855,
    0.06988431513309479,
    0.06854637712240219,
    0.07044785469770432,
    0.06924064457416534,
    0.06891106814146042,
    0.06601125001907349,
    0.0674479752779007
  ]
}