{
  "threshold": 0.15434598334358593,
  "all_thresholds": {
    "p95": 0.15434598334358593,
    "p97_5": 0.1903390321822373,
    "p99": 0.2620004816592829
  },
  "architecture": "(32, 16)"
}